Country,Source,Year,Stillbirths,Singletons,Twin_deliveries,Twin_children,Triplet_deliveries,Triplet_children,Quadruplet_plus_deliveries,Quadruplet_plus_children,Multiple_deliveries,Multiple_children,Total_deliveries,Total_children,Twinning_rate,Multiple_rate,Footnotes,Flag
England_and_Wales,Dunn_Macfarlane,1975,1,597678,5909,NA,72,NA,7,28,5988,NA,603666,NA,9.8,9.9,NA,
England_and_Wales,Dunn_Macfarlane,1976,1,578642,5538,NA,76,NA,7,32,5621,NA,584263,NA,9.5,9.6,NA,
England_and_Wales,Dunn_Macfarlane,1977,1,563554,5449,NA,68,NA,2,8,5519,NA,569073,NA,9.6,9.7,NA,
England_and_Wales,Dunn_Macfarlane,1978,1,589585,5859,NA,62,NA,9,37,5930,NA,595515,NA,9.8,10,NA,
England_and_Wales,Dunn_Macfarlane,1979,1,630703,6099,NA,76,NA,6,24,6181,NA,636884,NA,9.6,9.7,NA,
England_and_Wales,Dunn_Macfarlane,1980,1,648097,6308,NA,91,NA,5,21,6404,NA,654501,NA,9.6,9.8,NA,
England_and_Wales,Dunn_Macfarlane,1981,1,NA,NA,NA,NA,NA,NA,NA,NA,NA,632350,NA,NA,NA,1,
England_and_Wales,Dunn_Macfarlane,1982,1,617234,6201,NA,70,NA,6,24,6277,NA,623511,NA,9.9,10.1,NA,
England_and_Wales,Dunn_Macfarlane,1983,1,619890,6293,NA,89,NA,5,22,6387,NA,626277,NA,10,10.2,NA,
England_and_Wales,Dunn_Macfarlane,1984,1,627559,6321,NA,80,NA,5,20,6406,NA,633965,NA,10,10.1,NA,
England_and_Wales,Dunn_Macfarlane,1985,1,646339,6700,NA,93,NA,10,44,6803,NA,653142,NA,10.3,10.4,NA,
England_and_Wales,Dunn_Macfarlane,1986,1,650203,6969,NA,123,NA,13,56,7105,NA,657308,NA,10.6,10.8,NA,
England_and_Wales,Dunn_Macfarlane,1987,1,670147,7186,NA,125,NA,9,39,7320,NA,677467,NA,10.6,10.8,NA,
England_and_Wales,Dunn_Macfarlane,1988,1,681531,7452,NA,157,NA,13,53,7622,NA,689153,NA,10.8,11.1,NA,
England_and_Wales,Dunn_Macfarlane,1989,1,675205,7579,NA,183,NA,12,49,7774,NA,682979,NA,11.1,11.4,NA,
England_and_Wales,Dunn_Macfarlane,1990,1,692885,7934,NA,201,NA,10,40,8145,NA,701030,NA,11.3,11.6,NA,
England_and_Wales,Dunn_Macfarlane,1991,1,685477,8160,NA,208,NA,12,50,8380,NA,693857,NA,11.8,12.1,NA,
England_and_Wales,Dunn_Macfarlane,1992,1,675329,8314,NA,202,NA,9,37,8525,NA,683854,NA,12.2,12.5,2,
England_and_Wales,Dunn_Macfarlane,1993,1,659962,8302,NA,234,NA,13,54,8549,NA,668511,NA,12.4,12.8,2,
England_and_Wales,Dunn_Macfarlane,1994,1,650675,8451,NA,260,NA,8,32,8719,NA,659126,NA,12.8,13.2,3,
England_and_Wales,ONS,1938,1,NA,NA,NA,NA,NA,NA,NA,7494,NA,614874,645933,NA,12.2,NA,
England_and_Wales,ONS,1939,1,NA,NA,NA,NA,NA,NA,NA,7455,NA,636060,638799,NA,11.7,NA,
England_and_Wales,ONS,1940,1,NA,NA,NA,NA,NA,NA,NA,7174,NA,622376,612899,NA,11.5,1,
England_and_Wales,ONS,1941,1,NA,NA,NA,NA,NA,NA,NA,7087,NA,592813,599967,NA,12,NA,
England_and_Wales,ONS,1942,1,NA,NA,NA,NA,NA,NA,NA,7976,NA,665838,673886,NA,12,NA,
England_and_Wales,ONS,1943,1,NA,NA,NA,NA,NA,NA,NA,8259,NA,697267,705596,NA,11.8,NA,
England_and_Wales,ONS,1944,1,NA,NA,NA,NA,NA,NA,NA,9604,NA,763092,772784,NA,12.6,NA,
England_and_Wales,ONS,1945,1,NA,NA,NA,NA,NA,NA,NA,8274,NA,690934,699270,NA,12,NA,
England_and_Wales,ONS,1946,1,NA,NA,NA,NA,NA,NA,NA,10788,NA,832761,843634,NA,13,NA,
England_and_Wales,ONS,1947,1,NA,NA,NA,NA,NA,NA,NA,11221,NA,891504,902821,NA,12.6,NA,
England_and_Wales,ONS,1948,1,NA,NA,NA,NA,NA,NA,NA,9687,NA,783926,793705,NA,12.4,NA,
England_and_Wales,ONS,1949,1,NA,NA,NA,NA,NA,NA,NA,9328,NA,738050,747465,NA,12.6,NA,
England_and_Wales,ONS,1950,1,NA,NA,NA,NA,NA,NA,NA,8979,NA,704102,713181,NA,12.8,NA,
England_and_Wales,ONS,1951,1,NA,NA,NA,NA,NA,NA,NA,9005,NA,684407,693514,NA,13.2,NA,
England_and_Wales,ONS,1952,1,NA,NA,NA,NA,NA,NA,NA,8590,NA,680715,689371,NA,12.6,NA,
England_and_Wales,ONS,1953,1,NA,NA,NA,NA,NA,NA,NA,8787,NA,691180,700053,NA,12.7,NA,
England_and_Wales,ONS,1954,1,NA,NA,NA,NA,NA,NA,NA,8724,NA,681058,689851,NA,12.8,NA,
England_and_Wales,ONS,1955,1,NA,NA,NA,NA,NA,NA,NA,8525,NA,675026,683640,NA,12.6,NA,
England_and_Wales,ONS,1956,1,NA,NA,NA,NA,NA,NA,NA,8739,NA,707921,716740,NA,12.3,NA,
England_and_Wales,ONS,1957,1,NA,NA,NA,NA,NA,NA,NA,9371,NA,730524,739996,NA,12.8,NA,
England_and_Wales,ONS,1958,1,NA,NA,NA,NA,NA,NA,NA,9377,NA,747536,757003,NA,12.5,NA,
England_and_Wales,ONS,1959,1,NA,NA,NA,NA,NA,NA,NA,9021,NA,755294,764402,NA,11.9,NA,
England_and_Wales,ONS,1960,1,NA,NA,NA,NA,NA,NA,NA,9163,NA,791584,800824,NA,11.6,NA,
England_and_Wales,ONS,1961,1,NA,NA,NA,NA,NA,NA,NA,9653,NA,817271,827008,NA,11.8,NA,
England_and_Wales,ONS,1962,1,NA,NA,NA,NA,NA,NA,NA,9845,NA,844265,854200,NA,11.7,NA,
England_and_Wales,ONS,1963,1,NA,NA,NA,NA,NA,NA,NA,10060,NA,858884,869044,NA,11.7,NA,
England_and_Wales,ONS,1964,1,NA,NA,NA,NA,NA,NA,NA,10238,NA,880173,890518,NA,11.6,NA,
England_and_Wales,ONS,1965,1,NA,NA,NA,NA,NA,NA,NA,9774,NA,866713,876566,NA,11.3,NA,
England_and_Wales,ONS,1966,1,NA,NA,NA,NA,NA,NA,NA,9501,NA,853481,863066,NA,11.1,NA,
England_and_Wales,ONS,1967,1,NA,NA,NA,NA,NA,NA,NA,9187,NA,835433,844692,NA,11,NA,
England_and_Wales,ONS,1968,1,NA,NA,NA,NA,NA,NA,NA,8783,NA,822247,831120,NA,10.7,NA,
England_and_Wales,ONS,1969,1,NA,NA,NA,NA,NA,NA,NA,8341,NA,799763,808192,NA,10.4,NA,
England_and_Wales,ONS,1970,1,NA,NA,NA,NA,NA,NA,NA,8143,NA,786587,794831,NA,10.4,NA,
England_and_Wales,ONS,1971,1,NA,NA,NA,NA,NA,NA,NA,8074,NA,784899,793054,NA,10.2,NA,
England_and_Wales,ONS,1972,1,NA,NA,NA,NA,NA,NA,NA,7431,NA,726715,734239,NA,10.2,NA,
England_and_Wales,ONS,1973,1,NA,NA,NA,NA,NA,NA,NA,6688,NA,677125,683889,NA,9.9,NA,
England_and_Wales,ONS,1974,1,NA,NA,NA,NA,NA,NA,NA,6215,NA,640777,647060,NA,9.7,NA,
England_and_Wales,ONS,1975,1,NA,NA,NA,NA,NA,NA,NA,5988,NA,603666,609740,NA,9.9,NA,
England_and_Wales,ONS,1976,1,NA,NA,NA,NA,NA,NA,NA,5621,NA,584263,589979,NA,9.6,NA,
England_and_Wales,ONS,1977,1,NA,NA,NA,NA,NA,NA,NA,5519,NA,569073,574664,NA,9.7,NA,
England_and_Wales,ONS,1978,1,NA,NA,NA,NA,NA,NA,NA,5930,NA,595515,601526,NA,10,NA,
England_and_Wales,ONS,1979,1,NA,NA,NA,NA,NA,NA,NA,6181,NA,636884,643153,NA,9.7,NA,
England_and_Wales,ONS,1980,1,NA,NA,NA,NA,NA,NA,NA,6404,NA,654501,661007,NA,9.8,NA,
England_and_Wales,ONS,1981,1,NA,NA,NA,NA,NA,NA,NA,NA,NA,632350,638699,NA,NA,2,
England_and_Wales,ONS,1982,1,NA,NA,NA,NA,NA,NA,NA,6277,NA,623511,629870,NA,10.1,NA,
England_and_Wales,ONS,1983,1,NA,NA,NA,NA,NA,NA,NA,6387,NA,626277,632765,NA,10.2,NA,
England_and_Wales,ONS,1984,1,NA,NA,NA,NA,NA,NA,NA,6406,NA,633965,640461,NA,10.1,NA,
England_and_Wales,ONS,1985,1,NA,NA,NA,NA,NA,NA,NA,6803,NA,653142,660062,NA,10.4,NA,
England_and_Wales,ONS,1986,1,NA,NA,NA,NA,NA,NA,NA,7105,NA,657308,664567,NA,10.8,NA,
England_and_Wales,ONS,1987,1,NA,NA,NA,NA,NA,NA,NA,7320,NA,677467,684934,NA,10.8,NA,
England_and_Wales,ONS,1988,1,NA,NA,NA,NA,NA,NA,NA,7622,NA,689153,696959,NA,11.1,NA,
England_and_Wales,ONS,1989,1,NA,NA,NA,NA,NA,NA,NA,7774,NA,682979,690961,NA,11.4,NA,
England_and_Wales,ONS,1990,1,NA,NA,NA,NA,NA,NA,NA,8145,NA,701030,709396,NA,11.6,NA,
England_and_Wales,ONS,1991,1,NA,NA,NA,NA,NA,NA,NA,8380,NA,693857,702471,NA,12.1,NA,
England_and_Wales,ONS,1992,1,NA,NA,NA,NA,NA,NA,NA,8525,NA,683854,692600,NA,12.5,3,
England_and_Wales,ONS,1993,1,NA,NA,NA,NA,NA,NA,NA,8549,NA,668511,677322,NA,12.8,3,
England_and_Wales,ONS,1994,1,NA,NA,NA,NA,NA,NA,NA,8719,NA,659545,668539,NA,13.2,NA,
England_and_Wales,ONS,1995,1,NA,NA,NA,NA,NA,NA,NA,9038,NA,642404,651738,NA,14.1,NA,
England_and_Wales,ONS,1996,1,NA,NA,NA,NA,NA,NA,NA,8883,NA,643862,653024,NA,13.8,NA,
England_and_Wales,ONS,1997,1,NA,NA,NA,NA,NA,NA,NA,9217,NA,637001,646534,NA,14.5,NA,
England_and_Wales,ONS,1998,1,620846,8776,NA,297,NA,7,28,9080,NA,629926,639318,NA,14.4,4,
England_and_Wales,ONS,1999,1,607087,8636,NA,267,NA,4,16,8907,NA,615994,625177,NA,14.5,4,
England_and_Wales,ONS,2000,1,589788,8526,NA,262,NA,4,16,8792,NA,598580,607644,NA,14.7,4,
England_and_Wales,ONS,2001,1,580168,8484,NA,211,NA,5,22,8700,NA,588868,597793,NA,14.8,4; 5,
England_and_Wales,ONS,2002,1,581592,8685,NA,172,NA,4,16,8861,NA,590453,599494,NA,15,4,
England_and_Wales,ONS,2003,1,606656,9001,NA,127,NA,3,12,9131,NA,615787,625081,NA,14.8,4; 6,
England_and_Wales,ONS,2004,1,624207,9368,NA,148,NA,5,20,9521,NA,633728,643407,NA,15,4,
England_and_Wales,ONS,2005,1,630084,9396,NA,146,NA,1,4,9543,NA,639627,649318,NA,14.9,4,
England_and_Wales,ONS,2006,1,652778,9992,NA,138,NA,7,28,10137,NA,662915,673203,NA,15.3,4,
England_and_Wales,ONS,2007,1,672528,10334,NA,135,NA,2,9,10471,NA,682999,693611,NA,15.3,4,
England_and_Wales,ONS,2008,1,690442,10680,NA,174,NA,1,4,10855,NA,701297,712328,NA,15.5,4,
England_and_Wales,ONS,2009,1,686870,11301,NA,148,NA,5,NA,11454,NA,698324,709936,NA,16.4,4,
England_and_Wales,ONS,2010,1,704239,11053,NA,169,NA,6,NA,11228,NA,715467,726879,NA,15.7,4,
England_and_Wales,ONS,2011,1,704535,11330,NA,172,NA,3,NA,11505,NA,716040,727724,NA,16.1,4,
England_and_Wales,ONS,2012,1,710133,11228,NA,208,NA,5,NA,11441,NA,721574,733232,NA,15.9,4,
England_and_Wales,ONS,2013,1,680037,10593,NA,187,NA,3,NA,10783,NA,690820,701796,NA,15.6,4,
England_and_Wales,ONS,2014,1,676357,10839,NA,148,NA,2,NA,10989,NA,687346,698487,NA,16,4,
England_and_Wales,ONS,2015,1,678678,10901,NA,169,NA,3,NA,11073,NA,689751,700999,NA,16.1,4,
England_and_Wales,ONS,2016,1,677311,10786,NA,160,NA,5,NA,10951,NA,688262,699383,NA,15.9,4,
England_and_Wales,ONS,2017,1,660573,10462,NA,154,NA,5,NA,10621,NA,671194,681979,NA,15.8,4,
England_and_Wales,ONS,2018,1,639619,9873,NA,128,NA,4,NA,10005,NA,649626,659765,NA,15.4,4; 7,
England_and_Wales,ONS,2019,1,623430,9513,NA,137,NA,6,NA,9656,NA,633086,642892,NA,15.3,4,
England_and_Wales,ONS,2020,1,598743,8614,NA,112,NA,0,NA,8726,NA,607469,616307,NA,14.4,4; 8,
United States,VSUS,1915,2,761150,7673,NA,64,NA,0,NA,7737,NA,768887,776304,NA,10.1,1,
United States,VSUS,1916,2,802892,8139,NA,86,NA,2,NA,8227,NA,811119,818983,NA,10.1,1,
United States,VSUS,1917,2,1325426,14394,NA,155,NA,0,NA,14549,NA,1339975,1353792,NA,10.9,1,
United States,VSUS,1918,2,1333526,15342,NA,147,NA,0,NA,15489,NA,1349015,1363649,NA,11.5,1,
United States,VSUS,1919,2,1341234,16316,NA,186,NA,1,NA,16503,NA,1357737,1373438,NA,12.2,1,
United States,VSUS,1920,2,1475113,17229,NA,184,NA,6,NA,17419,NA,1492532,1508874,NA,11.7,1,
United States,VSUS,1921,2,1674875,20021,NA,230,NA,1,NA,20252,NA,1695127,1714261,NA,11.9,1,
United States,VSUS,1922,2,1735074,20284,NA,199,NA,4,NA,20487,NA,1755561,1774911,NA,11.7,1,
United States,VSUS,1923,2,1752331,20594,NA,179,NA,2,NA,20775,NA,1773106,1792646,NA,11.7,1,
United States,VSUS,1924,2,1887776,21864,NA,226,NA,3,NA,22093,NA,1909869,1930614,NA,11.6,1,
United States,VSUS,1925,2,1838296,20645,NA,230,NA,3,NA,20878,NA,1859174,1878880,NA,11.2,1,
United States,VSUS,1926,2,1815108,20885,NA,192,NA,3,NA,21080,NA,1836188,1856068,NA,11.5,1,
United States,VSUS,1927,2,2089508,24658,NA,233,NA,6,NA,24897,NA,2114405,2137836,NA,11.8,1,
United States,VSUS,1928,2,2182879,25619,NA,285,NA,1,NA,25905,NA,2208784,2233149,NA,11.7,1,
United States,VSUS,1929,2,2120415,25358,NA,240,NA,3,NA,25601,NA,2146016,2169920,NA,11.9,1,
United States,VSUS,1930,2,2155094,24963,NA,249,NA,6,NA,25218,NA,2180312,2203958,NA,11.6,1,
United States,VSUS,1931,2,2065803,24049,NA,232,NA,2,NA,24283,46957,2090086,2112760,NA,11.6,1,
United States,VSUS,1931,1,NA,25083,50166,253,759,2,8,NA,NA,NA,2193376,NA,NA,1; 2,
United States,VSUS,1932,2,2027134,24020,NA,236,NA,6,NA,24262,46908,2051396,2074042,NA,11.8,1,
United States,VSUS,1932,1,NA,25089,50178,254,762,6,24,NA,NA,NA,2152393,NA,NA,1; 2,
United States,VSUS,1933,2,2034466,23995,NA,220,NA,5,NA,24220,46766,2058686,2081232,NA,11.8,1,
United States,VSUS,1933,1,NA,24999,49998,234,702,5,20,NA,NA,NA,2158291,NA,NA,1; 2,
United States,VSUS,1934,2,2118997,24866,NA,242,NA,6,NA,25114,48639,2144111,2167636,NA,11.7,1,
United States,VSUS,1934,1,NA,26012,52024,266,798,6,24,NA,NA,NA,2246139,NA,NA,1; 2,
United States,VSUS,1935,2,2107903,24167,NA,232,NA,0,NA,24399,47202,2132302,2155105,NA,11.4,1,
United States,VSUS,1935,1,NA,25218,50436,246,738,0,0,NA,NA,NA,2232224,NA,NA,1; 2,
United States,VSUS,1936,2,2096667,24569,NA,277,NA,6,NA,24852,48123,2121519,2144790,NA,11.7,1,
United States,VSUS,1936,1,NA,25583,51166,297,891,7,28,NA,NA,NA,2218525,NA,NA,1; 2,
United States,VSUS,1937,2,2154719,24881,NA,219,NA,4,NA,25104,NA,2179823,2203337,NA,11.5,1,
United States,VSUS,1937,1,NA,25908,NA,237,NA,4,NA,NA,NA,NA,2276946,NA,NA,1; 2,
United States,VSUS,1938,2,2236863,25644,NA,262,NA,1,NA,25907,NA,2262770,2286962,NA,11.4,1,
United States,VSUS,1938,1,NA,26749,NA,280,NA,2,NA,NA,NA,NA,2360429,NA,NA,1; 2,
United States,VSUS,1939,2,2216857,24908,NA,274,NA,2,NA,25184,NA,2242041,2266588,NA,11.2,1,
United States,VSUS,1939,1,NA,25913,NA,292,NA,2,NA,NA,NA,NA,2338186,NA,NA,1; 2,
United States,VSUS,1940,2,2311378,24976,NA,247,NA,3,NA,25226,NA,2336604,2360399,NA,10.8,1,
United States,VSUS,1940,1,NA,26036,NA,263,NA,3,NA,NA,NA,NA,2434201,NA,NA,1; 2,
United States,VSUS,1941,2,2461311,26443,NA,256,NA,12,NA,26711,NA,2488022,2513427,NA,10.7,1,
United States,VSUS,1941,1,NA,27439,NA,270,NA,12,NA,NA,NA,NA,2588560,NA,NA,1; 2,
United States,VSUS,1942,2,2751568,29139,NA,277,NA,5,NA,29421,NA,2780989,2808996,NA,10.6,1,
United States,VSUS,1942,1,NA,30156,NA,291,NA,5,NA,NA,NA,NA,2888170,NA,NA,1; 2,
United States,VSUS,1943,2,2876669,29470,NA,316,NA,1,NA,29787,NA,2906456,2934860,NA,10.2,1,
United States,VSUS,1943,1,NA,30459,NA,325,NA,1,NA,NA,NA,NA,3013345,NA,NA,1; 2,
United States,VSUS,1944,2,2738438,28591,NA,286,NA,8,NA,28885,56362,2767323,2794800,NA,10.4,1,
United States,VSUS,1944,1,NA,29625,NA,294,NA,8,NA,NA,NA,NA,2870295,NA,NA,1; 2,
United States,VSUS,1945,2,2678712,28604,NA,257,NA,1,5,28862,56744,2707574,2735456,NA,10.7,1,
United States,VSUS,1945,1,NA,29456,NA,268,NA,1,5,NA,NA,NA,2800969,NA,NA,1; 2,
United States,VSUS,1946,2,3216000,36782,NA,327,NA,5,NA,37114,72672,3253114,3288672,NA,11.4,1,
United States,VSUS,1946,1,NA,37916,NA,343,NA,5,NA,NA,NA,NA,3363521,NA,NA,1; 2,
United States,VSUS,1947,2,3624181,38286,NA,340,NA,4,NA,38630,NA,3662811,3699940,NA,10.5,1; 3,
United States,VSUS,1947,1,NA,39335,NA,354,NA,4,NA,NA,NA,NA,3777857,NA,NA,1; 2; 3,
United States,VSUS,1948,2,3463320,36246,NA,336,NA,4,17,36586,NA,3499906,3535068,NA,10.5,1; 3,
United States,VSUS,1948,1,NA,37384,NA,354,NA,4,17,NA,NA,NA,3607906,NA,NA,1; 2; 3,
United States,VSUS,1949,2,3487548,36479,NA,337,NA,3,NA,36819,NA,3524367,3559529,NA,10.4,1; 3,
United States,VSUS,1949,1,NA,37505,NA,352,NA,3,NA,NA,NA,NA,3630113,NA,NA,1; 2; 3,
United States,VSUS,1950,2,3479639,37759,NA,352,NA,5,NA,38116,NA,3517755,3554149,NA,10.8,1; 3,
United States,VSUS,1950,1,NA,38748,NA,363,NA,5,NA,NA,NA,NA,3622411,NA,NA,1; 2; 3,
United States,VSUS,1951,2,3673160,38256,NA,313,NA,7,NA,38576,77690,3713180,3750850,NA,10.4,1; 3; 4; 5,
United States,VSUS,1951,1,NA,39213,NA,324,NA,7,NA,NA,NA,NA,3821419,NA,NA,1; 2; 3; 4,
United States,VSUS,1952,2,3767450,40154,NA,371,NA,4,NA,40529,NA,3807979,3846986,NA,10.6,1; 3; 4,
United States,VSUS,1952,1,NA,41128,NA,382,NA,4,NA,NA,NA,NA,3917433,NA,NA,1; 2; 3; 4,
United States,VSUS,1953,2,3820063,41520,NA,359,NA,4,NA,41883,NA,3861946,3902120,NA,10.8,1; 3; 4,
United States,VSUS,1953,1,NA,42573,NA,373,NA,4,NA,NA,NA,NA,3971513,NA,NA,1; 2; 3; 4,
United States,VSUS,1954,2,3933484,42240,NA,398,NA,3,NA,42641,NA,3976225,4017362,NA,10.7,1; 3; 4; 5,
United States,VSUS,1954,1,NA,43220,NA,414,NA,3,NA,NA,NA,NA,4087471,NA,NA,1; 2; 3; 4,
United States,VSUS,1955,2,3961776,43082,NA,392,NA,7,NA,43481,NA,4005257,4047295,NA,10.9,1; 3; 4,
United States,VSUS,1955,1,NA,44046,NA,408,NA,7,NA,NA,NA,NA,4116448,NA,NA,1; 2; 3; 4,
United States,VSUS,1956,2,4077170,43228,NA,399,NA,5,NA,43632,NA,4120802,4163090,NA,10.6,1; 3; 4,
United States,VSUS,1956,1,NA,44203,NA,410,NA,5,NA,NA,NA,NA,4231749,NA,NA,1; 2; 3; 4,
United States,VSUS,1957,2,4167626,43439,NA,353,NA,1,NA,43793,NA,4212368,4254784,NA,10.4,1; 3; 4; 5,
United States,VSUS,1957,1,NA,44401,NA,364,NA,2,NA,NA,NA,NA,4324345,NA,NA,1; 2; 3; 4,
United States,VSUS,1958,2,4117202,43360,NA,375,NA,6,NA,43741,NA,4161513,4203812,NA,10.5,1; 3; 4; 5,
United States,VSUS,1958,1,NA,44336,NA,386,NA,6,NA,NA,NA,NA,4273167,NA,NA,1; 2; 3; 4,
United States,VSUS,1959,0,4157142,NA,86426,NA,1192,NA,36,NA,NA,NA,4244796,NA,NA,1; 4,
United States,VSUS,1959,1,4221791,NA,90269,NA,1349,NA,NA,NA,NA,NA,4313409,NA,NA,1; 2; 4; 6,
United States,VSUS,1960,0,4171166,NA,85440,NA,1198,NA,46,NA,NA,NA,4257850,NA,NA,4,
United States,VSUS,1960,1,4235633,NA,89333,NA,1364,NA,NA,NA,NA,NA,4326330,NA,NA,2; 4; 6,
United States,VSUS,1961,0,4182226,NA,84926,NA,1174,NA,NA,NA,NA,NA,4268326,NA,NA,4; 6,
United States,VSUS,1961,1,4247012,NA,88797,NA,1284,NA,NA,NA,NA,NA,4337093,NA,NA,2; 4; 6,
United States,VSUS,1962,0,4086056,NA,80180,NA,1126,NA,NA,NA,NA,NA,4167362,NA,NA,4; 6,
United States,VSUS,1962,1,4147146,NA,83658,NA,1198,NA,NA,NA,NA,NA,4232002,NA,NA,2; 4; 6,
United States,VSUS,1963,0,4016862,NA,80044,NA,1114,NA,NA,NA,NA,NA,4098020,NA,NA,4; 6,
United States,VSUS,1963,1,4077952,NA,83522,NA,1186,NA,NA,NA,NA,NA,4162660,NA,NA,2; 4; 6,
United States,VSUS,1964,0,3947334,NA,78954,NA,1202,NA,NA,NA,NA,NA,4027490,NA,NA,4; 6,
United States,VSUS,1964,1,4009717,NA,82422,NA,1282,NA,NA,NA,NA,NA,4093421,NA,NA,2; 4; 6,
United States,VSUS,1965,0,3684752,NA,74594,NA,1012,NA,NA,NA,NA,NA,3760358,NA,NA,4; 6,
United States,VSUS,1965,1,3742221,NA,77864,NA,1132,NA,NA,NA,NA,NA,3821217,NA,NA,2; 4; 6,
United States,VSUS,1966,0,3534962,NA,70340,NA,972,NA,NA,NA,NA,NA,3606274,NA,NA,4; 6,
United States,VSUS,1966,1,3588321,NA,73522,NA,1068,NA,NA,NA,NA,NA,3662911,NA,NA,2; 4; 6,
United States,VSUS,1967,0,3451594,NA,68336,NA,1029,NA,NA,NA,NA,NA,3520959,NA,NA,4; 6,
United States,VSUS,1967,1,3503423,NA,71372,NA,1098,NA,NA,NA,NA,NA,3575893,NA,NA,2; 4; 6,
United States,VSUS,1968,0,3431156,NA,69300,NA,1108,NA,NA,NA,NA,NA,3501564,NA,NA,4; 6,
United States,VSUS,1968,1,3483405,NA,72269,NA,1183,NA,NA,NA,NA,NA,3556857,NA,NA,2; 4; 6,
United States,VSUS,1969,0,NA,NA,NA,NA,NA,NA,NA,NA,NA,NA,3600206,NA,NA,4; 6,
United States,VSUS,1970,0,NA,NA,NA,NA,NA,NA,NA,NA,NA,NA,3731388,NA,NA,4; 6; 7,
United States,VSUS,1971,0,3491638,NA,63298,NA,1034,NA,NA,NA,NA,NA,3555970,NA,NA,4; 6; 7,
United States,VSUS,1971,1,3536707,NA,65973,NA,1108,NA,NA,NA,NA,NA,3603788,NA,NA,2; 4; 6; 7,
United States,VSUS,1972,0,3198382,NA,59122,NA,907,NA,NA,NA,NA,NA,3258411,NA,NA,4; 6; 7,
United States,VSUS,1972,1,3237106,NA,61717,NA,968,NA,NA,NA,NA,NA,3299791,NA,NA,2; 4; 6; 7,
United States,VSUS,1973,0,3079244,NA,56777,NA,944,NA,NA,NA,NA,NA,3136965,NA,NA,4; 6; 7,
United States,VSUS,1973,1,3115017,NA,59243,NA,1014,NA,NA,NA,NA,NA,3175274,NA,NA,2; 4; 6; 7,
United States,VSUS,1974,0,3101117,NA,57836,NA,1005,NA,NA,NA,NA,NA,3159958,NA,NA,4; 6; 7,
United States,VSUS,1974,1,3134904,NA,60260,NA,1075,NA,NA,NA,NA,NA,3196239,NA,NA,2; 4; 6; 7,
United States,VSUS,1975,0,3083940,NA,59192,NA,1066,NA,NA,NA,NA,NA,3144198,NA,NA,4; 6; 7,
United States,VSUS,1975,1,3115415,NA,61443,NA,1136,NA,NA,NA,NA,NA,3177994,NA,NA,2; 4; 6; 7,
United States,VSUS,1976,0,3106038,NA,60664,NA,1086,NA,NA,NA,NA,NA,3167788,NA,NA,4; 6; 7,
United States,VSUS,1976,1,3136739,NA,62975,NA,1185,NA,NA,NA,NA,NA,3200899,NA,NA,2; 4; 6; 7,
United States,VSUS,1977,0,3262676,NA,62880,NA,1076,NA,NA,NA,NA,NA,3326632,NA,NA,4; 6; 7,
United States,VSUS,1977,1,3293367,NA,65164,NA,1154,NA,NA,NA,NA,NA,3359685,NA,NA,2; 4; 6; 7,
United States,VSUS,1978,0,3267931,NA,64163,NA,1185,NA,NA,NA,NA,NA,3333279,NA,NA,4; 6; 7,
United States,VSUS,1978,1,3297962,NA,66347,NA,1271,NA,NA,NA,NA,NA,3365580,NA,NA,2; 4; 6; 7,
United States,VSUS,1979,0,3426338,NA,66858,NA,1202,NA,NA,NA,NA,NA,3494398,NA,NA,4; 6; 7,
United States,VSUS,1979,1,3456890,NA,69196,NA,1281,NA,NA,NA,NA,NA,3527367,NA,NA,2; 4; 6; 7,
United States,VSUS,1980,0,3542582,NA,68339,NA,1337,NA,NA,NA,NA,NA,3612258,NA,NA,4; 6; 7,
United States,VSUS,1980,1,3573588,NA,70625,NA,1398,NA,NA,NA,NA,NA,3645611,NA,NA,2; 4; 6; 7,
United States,VSUS,1981,0,3557804,NA,70049,NA,1385,NA,NA,NA,NA,NA,3629238,NA,NA,4; 6; 7,
United States,VSUS,1981,1,3588127,NA,72236,NA,1471,NA,NA,NA,NA,NA,3661834,NA,NA,2; 4; 6; 7,
United States,VSUS,1982,0,3607422,NA,71631,NA,1484,NA,NA,NA,NA,NA,3680537,NA,NA,4; 6; 7,
United States,VSUS,1982,1,3637661,NA,73985,NA,1585,NA,NA,NA,NA,NA,3713231,NA,NA,2; 4; 6; 7,
United States,VSUS,1983,0,3565071,NA,72287,NA,1575,NA,NA,NA,NA,NA,3638933,NA,NA,4; 6; 7,
United States,VSUS,1983,1,3593403,NA,74628,NA,1654,NA,NA,NA,NA,NA,3669685,NA,NA,2; 4; 6; 7,
United States,VSUS,1984,0,3594539,NA,72949,NA,1653,NA,NA,NA,NA,NA,3669141,NA,NA,4; 6; 7,
United States,VSUS,1984,1,3622458,NA,75045,NA,1737,NA,NA,NA,NA,NA,3699240,NA,NA,2; 4; 6; 7,
United States,VSUS,1985,0,3681534,NA,77102,NA,1925,NA,NA,NA,NA,NA,3760561,NA,NA,6; 7,
United States,VSUS,1985,1,3708946,NA,79260,NA,2016,NA,NA,NA,NA,NA,3790222,NA,NA,2; 6; 7,
United States,VSUS,1986,0,3675248,NA,79485,NA,1814,NA,NA,NA,NA,NA,3756547,NA,NA,6; 7,
United States,VSUS,1986,1,3702064,NA,81580,NA,1875,NA,NA,NA,NA,NA,3785519,NA,NA,2; 6; 7,
United States,VSUS,1987,0,3725477,NA,81778,NA,2139,NA,NA,NA,NA,NA,3809394,NA,NA,6; 7,
United States,VSUS,1987,1,3752612,NA,83899,NA,2232,NA,NA,NA,NA,NA,3838743,NA,NA,2; 6; 7,
United States,VSUS,1988,0,3821810,NA,85315,NA,2385,NA,NA,NA,NA,NA,3909510,NA,NA,6; 7,
United States,VSUS,1988,1,3848955,NA,87524,NA,2473,NA,NA,NA,NA,NA,3938952,NA,NA,2; 6; 7,
United States,VSUS,1989,0,3948042,NA,90118,NA,2529,NA,269,NA,NA,NA,4040958,NA,NA,7,
United States,VSUS,1989,1,3904534,NA,90680,NA,2848,NA,NA,NA,NA,NA,3998062,NA,NA,2; 6; 7,
United States,VSUS,1990,0,4061319,NA,93865,NA,2830,NA,198,NA,NA,NA,4158212,NA,NA,7,
United States,VSUS,1990,1,4019208,NA,94489,NA,3103,NA,NA,NA,NA,NA,4116800,NA,NA,2; 6; 7,
United States,VSUS,1991,0,4012782,NA,94779,NA,3121,NA,225,NA,NA,NA,4110907,NA,NA,7,
United States,VSUS,1991,1,3969594,NA,95289,NA,3419,NA,NA,NA,NA,NA,4068302,NA,NA,2; 6; 7,
United States,VSUS,1992,0,3965759,NA,95372,NA,3547,NA,336,NA,NA,NA,4065014,NA,NA,7,
United States,VSUS,1992,1,3924225,NA,95847,NA,3943,NA,NA,NA,NA,NA,4024015,NA,NA,2; 6; 7,
United States,VSUS,1993,0,3899627,NA,96445,NA,3834,NA,334,NA,NA,NA,4000240,NA,NA,7,
United States,VSUS,1993,1,3858058,NA,96739,NA,4249,NA,NA,NA,NA,NA,3959046,NA,NA,2; 6; 7,
United States,VSUS,1994,0,3851109,NA,97064,NA,4233,NA,361,NA,NA,NA,3952767,NA,NA,7,
United States,VSUS,1995,0,3797880,NA,96736,NA,4551,NA,422,NA,NA,NA,3899589,NA,NA,7,
United States,VSUS,1996,0,3784805,NA,100750,NA,5298,NA,641,NA,NA,NA,3891494,NA,NA,7,
United States,VSUS,1997,0,3770020,NA,104137,NA,6148,NA,589,NA,NA,NA,3880894,NA,NA,7,
United States,VSUS,1998,0,3823258,NA,110670,NA,6919,NA,706,NA,NA,NA,3941553,NA,NA,7,
United States,VSUS,1999,0,3837789,NA,114307,NA,6742,NA,579,NA,NA,NA,3959417,NA,NA,7,
United States,VSUS,2000,0,3932573,NA,118916,NA,6742,NA,583,NA,NA,NA,4058814,NA,NA,7,
United States,VSUS,2001,0,3897216,NA,121246,NA,6885,NA,586,NA,NA,NA,4025933,NA,NA,7,
United States,VSUS,2002,0,3889191,NA,125134,NA,6898,NA,503,NA,NA,NA,4021726,NA,NA,7,
United States,VSUS,2003,0,3953622,NA,128665,NA,7110,NA,553,NA,NA,NA,4089950,NA,NA,7,
United States,VSUS,2003,1,3977258,NA,130856,NA,7840,NA,NA,NA,NA,NA,4115954,NA,NA,2; 6; 7; 8,
United States,NVSR,2004,0,3972558,NA,132219,NA,6750,NA,525,NA,NA,NA,4112052,NA,NA,7,
United States,NVSR,2004,1,3996261,NA,134293,NA,7499,NA,NA,NA,NA,NA,4138053,NA,NA,2; 6; 7; 8,
United States,NVSR,2005,0,3998533,NA,133122,NA,6208,NA,486,NA,NA,NA,4138349,NA,NA,7,
United States,NVSR,2005,1,4022065,NA,135297,NA,6881,NA,NA,NA,NA,NA,4164243,NA,NA,2; 6; 7,
United States,NVSR,2006,0,4121930,NA,137085,NA,6118,NA,422,NA,NA,NA,4265555,NA,NA,7,
United States,NVSR,2006,1,4145529,NA,139276,NA,6722,NA,NA,NA,NA,NA,4291527,NA,NA,2; 6; 7,
United States,NVSR,2007,0,4170845,NA,138961,NA,5967,NA,460,NA,NA,NA,4316233,NA,NA,7,
United States,NVSR,2008,0,4102766,NA,138660,NA,5877,NA,391,NA,NA,NA,4247694,NA,NA,7,
United States,NVSR,2009,0,3987108,NA,137217,NA,5905,NA,435,NA,NA,NA,4130665,NA,NA,7,
United States,NVSR,2010,0,3861321,NA,132562,NA,5153,NA,350,NA,NA,NA,3999386,NA,NA,7,
United States,NVSR,2011,0,3816904,NA,131269,NA,5137,NA,280,NA,NA,NA,3953590,NA,NA,7,
United States,NVSR,2012,0,3816898,NA,131024,NA,4598,NA,321,NA,NA,NA,3952841,NA,NA,7,
United States,NVSR,2013,0,3795157,NA,132324,NA,4364,NA,336,NA,NA,NA,3932181,NA,NA,7,
United States,NVSR,2013,1,3816716,NA,134212,NA,4848,NA,NA,NA,NA,NA,3955776,NA,NA,2; 6; 7,
United States,NVSR,2014,0,3848214,NA,135336,NA,4233,NA,293,NA,NA,NA,3988076,NA,NA,7,
United States,NVSR,2015,0,3841219,NA,133155,NA,3871,NA,252,NA,NA,NA,3978497,NA,NA,7,
United States,NVSR,2016,0,3810149,NA,131723,NA,3755,NA,248,NA,NA,NA,3945875,NA,NA,7,
United States,NVSR,2017,0,3723273,NA,128310,NA,3675,NA,242,NA,NA,NA,3855500,NA,NA,7,
United States,NVSR,2018,0,3664651,NA,123536,NA,3400,NA,125,NA,NA,NA,3791712,NA,NA,7,
United States,NVSR,2019,0,3623963,NA,120291,NA,3136,NA,150,NA,NA,NA,3747540,NA,NA,7,
United States,NVSR,2019,1,3643900,NA,121746,NA,3372,NA,NA,NA,NA,NA,3769018,NA,NA,2; 6; 7,
United States,NVSR,2020,0,3498335,NA,112437,NA,2738,NA,137,NA,NA,NA,3613647,NA,NA,7,
United States,NVSR,2020,1,3517724,NA,113817,NA,2960,NA,NA,NA,NA,NA,3634501,NA,NA,2; 6; 7,
United States,NVSR,2021,0,3547198,NA,114161,NA,NA,NA,NA,NA,NA,NA,3664292,NA,NA,9,
Japan,Bunle,1923,99,NA,NA,NA,43,NA,NA,NA,6518,13079,2170556,NA,NA,NA,,1
Japan,Bunle,1924,99,NA,NA,NA,54,NA,NA,NA,6390,12834,2117861,NA,NA,NA,,1
Japan,Bunle,1925,99,NA,NA,NA,38,NA,NA,NA,6659,13356,2203759,NA,NA,NA,,1
Japan,Bunle,1926,99,NA,NA,NA,50,NA,NA,NA,7335,14720,2221008,NA,NA,NA,,1
Japan,Bunle,1927,99,NA,NA,NA,46,NA,NA,NA,6816,13678,2170751,NA,NA,NA,,1
Japan,Bunle,1928,99,NA,NA,NA,43,NA,NA,NA,7432,14907,2248525,NA,NA,NA,,1
Japan,Bunle,1929,99,NA,NA,NA,44,NA,NA,NA,7437,14918,2186503,NA,NA,NA,,1
Japan,Bunle,1930,99,NA,NA,NA,63,NA,NA,NA,7846,15755,2194910,NA,NA,NA,,1
Japan,Bunle,1931,99,NA,NA,NA,57,NA,NA,NA,7971,15999,2211253,NA,NA,NA,,1
Japan,Bunle,1932,99,NA,NA,NA,63,NA,NA,NA,8452,16967,2293786,NA,NA,NA,,1
Japan,Bunle,1933,99,NA,NA,NA,50,NA,NA,NA,7707,15464,2227618,NA,NA,NA,,1
Japan,Bunle,1934,99,NA,NA,NA,55,NA,2,NA,7934,15927,2148776,NA,NA,NA,,1
Japan,Bunle,1935,99,NA,NA,NA,67,NA,NA,NA,8996,18059,2297167,NA,NA,NA,,1
Japan,Bunle,1936,99,NA,NA,NA,47,NA,NA,NA,7745,15537,2205186,NA,NA,NA,,1
Japan,NA,1937,NA,NA,NA,NA,NA,NA,NA,NA,NA,NA,NA,NA,NA,NA,,NA
Japan,NA,1938,NA,NA,NA,NA,NA,NA,NA,NA,NA,NA,NA,NA,NA,NA,,NA
Japan,NA,1939,NA,NA,NA,NA,NA,NA,NA,NA,NA,NA,NA,NA,NA,NA,,NA
Japan,NA,1940,NA,NA,NA,NA,NA,NA,NA,NA,NA,NA,NA,NA,NA,NA,,NA
Japan,NA,1941,NA,NA,NA,NA,NA,NA,NA,NA,NA,NA,NA,NA,NA,NA,,NA
Japan,NA,1942,NA,NA,NA,NA,NA,NA,NA,NA,NA,NA,NA,NA,NA,NA,,NA
Japan,NA,1943,NA,NA,NA,NA,NA,NA,NA,NA,NA,NA,NA,NA,NA,NA,,NA
Japan,NA,1944,NA,NA,NA,NA,NA,NA,NA,NA,NA,NA,NA,NA,NA,NA,,NA
Japan,NA,1945,NA,NA,NA,NA,NA,NA,NA,NA,NA,NA,NA,NA,NA,NA,,NA
Japan,NA,1946,NA,NA,NA,NA,NA,NA,NA,NA,NA,NA,NA,NA,NA,NA,,NA
Japan,NA,1947,NA,NA,NA,NA,NA,NA,NA,NA,NA,NA,NA,NA,NA,NA,,NA
Japan,NA,1948,NA,NA,NA,NA,NA,NA,NA,NA,NA,NA,NA,NA,NA,NA,,NA
Japan,NA,1949,NA,NA,NA,NA,NA,NA,NA,NA,NA,NA,NA,NA,NA,NA,,NA
Japan,NA,1950,NA,NA,NA,NA,NA,NA,NA,NA,NA,NA,NA,NA,NA,NA,,NA
Japan,Imaizumi,1951,1,NA,15143,30286,136,408,NA,0,NA,NA,2339505,2354920,6.43,NA,,1
Japan,Imaizumi,1952,1,NA,14007,28014,125,375,NA,8,NA,NA,2194723,2208986,6.34,NA,,1
Japan,Imaizumi,1953,1,NA,13053,26106,91,273,NA,0,NA,NA,2048079,2061314,6.33,NA,,1
Japan,Imaizumi,1954,1,NA,12655,25310,103,309,NA,8,NA,NA,1943832,1956699,6.47,NA,,1
Japan,Imaizumi,1955,1,NA,12042,24084,130,390,NA,20,NA,NA,1911640,1913957,6.29,NA,,1
Japan,Imaizumi,1956,1,NA,11725,23450,102,306,NA,12,NA,NA,1832347,1844285,6.36,NA,,1
Japan,Imaizumi,1957,1,NA,11407,22814,96,288,NA,12,NA,NA,1731458,1743066,6.54,NA,,1
Japan,Imaizumi,1958,1,NA,11817,23634,109,327,NA,8,NA,NA,1826576,1838617,6.43,NA,,1
Japan,Imaizumi,1959,1,NA,11579,23158,95,285,NA,0,NA,NA,1796212,1807981,6.4,NA,,1
Japan,Imaizumi,1960,1,NA,11159,22318,88,264,NA,4,NA,NA,1773984,1785322,6.25,NA,,1
Japan,Imaizumi,1961,1,NA,11394,22788,103,309,NA,8,NA,NA,1757661,1769267,6.44,NA,,1
Japan,Imaizumi,1962,1,NA,11454,22908,101,303,NA,4,NA,NA,1784320,1795979,6.38,NA,,1
Japan,Imaizumi,1963,1,NA,11638,23276,105,315,NA,0,NA,NA,1823097,1834945,6.34,NA,,1
Japan,Imaizumi,1964,1,NA,12168,24336,93,279,NA,20,NA,NA,1872438,1884807,6.46,NA,,1
Japan,Imaizumi,1965,1,NA,12266,24532,107,321,NA,4,NA,NA,1972831,1985314,6.18,NA,,1
Japan,Imaizumi,1966,1,NA,9848,19696,91,273,NA,8,NA,NA,1499186,1509222,6.53,NA,,1
Japan,Imaizumi,1967,1,NA,13212,26424,110,330,NA,8,NA,NA,2071597,2085036,6.34,NA,,1
Japan,Imaizumi,1968,1,NA,12347,24694,117,351,NA,4,NA,NA,2002514,2015098,6.13,NA,,1
Japan,NA,1969,NA,NA,NA,NA,NA,NA,NA,NA,NA,NA,NA,NA,NA,NA,,NA
Japan,NA,1970,NA,NA,NA,NA,NA,NA,NA,NA,NA,NA,NA,NA,NA,NA,,NA
Japan,NA,1971,NA,NA,NA,NA,NA,NA,NA,NA,NA,NA,NA,NA,NA,NA,,NA
Japan,NA,1972,NA,NA,NA,NA,NA,NA,NA,NA,NA,NA,NA,NA,NA,NA,,NA
Japan,NA,1973,NA,NA,NA,NA,NA,NA,NA,NA,NA,NA,NA,NA,NA,NA,,NA
Japan,Imaizumi,1974,1,NA,12392,24784,124,372,NA,28,NA,NA,2126948,2139727,5.79,NA,,1
Japan,Imaizumi,1975,1,NA,NA,23610,NA,396,15,62,NA,NA,NA,2003302,5.89,NA,,0
Japan,Imaizumi,1976,1,NA,NA,22537,NA,388,8.75,39,NA,NA,NA,1934547,5.82,NA,,0
Japan,Imaizumi,1977,1,NA,NA,22953,NA,392,4.25,20,NA,NA,NA,1850347,6.2,NA,,0
Japan,Imaizumi,1978,1,NA,NA,22188,NA,386,7.5,30,NA,NA,NA,1796106,6.18,NA,,0
Japan,Imaizumi,1979,1,NA,NA,22007,NA,386,10,43,NA,NA,NA,1724891,6.38,NA,,0
Japan,Imaizumi,1980,1,NA,NA,21165,NA,378,6,26,NA,NA,NA,1654335,6.4,NA,,0
Japan,Imaizumi,1981,1,NA,NA,20852,NA,463,7,30,NA,NA,NA,1608677,6.48,NA,,0
Japan,Imaizumi,1982,1,NA,NA,20796,NA,496,9.75,41,NA,NA,NA,1593499,6.53,NA,,0
Japan,Imaizumi,1983,1,NA,NA,20597,NA,430,5,21,NA,NA,NA,1580628,6.52,NA,,0
Japan,Imaizumi,1984,1,NA,NA,20421,NA,408,4,16,NA,NA,NA,1562141,6.54,NA,,0
Japan,Imaizumi,1985,1,NA,NA,19611,NA,394,12,48,NA,NA,NA,1500586,6.53,NA,,0
Japan,Imaizumi,1986,1,NA,NA,18798,NA,393,13,53,NA,NA,NA,1448624,6.49,NA,,0
Japan,Imaizumi,1987,1,NA,NA,18636,NA,462,17,71,NA,NA,NA,1410492,6.61,NA,,0
Japan,Imaizumi,1988,1,NA,NA,18472,NA,451,13,54,NA,NA,NA,1373642,6.72,NA,,0
Japan,Imaizumi,1989,1,NA,NA,18147,NA,474,20,86,NA,NA,NA,1302006,6.97,NA,,0
Japan,Imaizumi,1990,1,NA,NA,17865,NA,643,21,89,NA,NA,NA,1275477,7,NA,,0
Japan,Imaizumi,1991,1,NA,NA,18284,NA,674,24,100,NA,NA,NA,1273755,7.18,NA,,0
Japan,Imaizumi,1992,1,NA,NA,18856,NA,863,28.75,119,NA,NA,NA,1257885,7.5,NA,,0
Japan,Imaizumi,1993,1,NA,NA,19288,NA,858,NA,NA,NA,NA,NA,NA,7.82,NA,,0
Japan,Imaizumi,1994,1,NA,NA,21324,NA,1057,NA,NA,NA,NA,NA,NA,8.32,NA,,0
Japan,Imaizumi,1995,1,1204082,10529,21058,337,1006,34,142,10900,NA,1215174,1226467,8.58,NA,,0
Japan,Imaizumi,1996,1,NA,NA,22188,NA,960,NA,NA,NA,NA,NA,1246091,8.9,NA,,0
Japan,NA,1997,NA,NA,NA,NA,NA,NA,NA,NA,NA,NA,NA,1231211,NA,NA,,0
Japan,NA,1998,NA,NA,NA,NA,NA,NA,NA,NA,NA,NA,NA,1242135,NA,NA,,0
Japan,NA,1999,NA,NA,NA,NA,NA,NA,NA,NA,NA,NA,NA,1216121,NA,NA,,0
Japan,StatisticsJapan,2000,1,1203627,12107,NA,328,NA,8,32,12443,NA,1216168,1228940,NA,NA,,1
Japan,StatisticsJapan,2001,1,1183323,11919,NA,293,NA,6,24,12218,NA,1195616,1208129,NA,NA,,1
Japan,StatisticsJapan,2002,1,1164518,12633,NA,319,NA,5,20,12957,NA,1177562,1190833,NA,NA,,1
Japan,StatisticsJapan,2003,1,1132508,12743,NA,286,NA,16,67,13045,NA,1145592,1158940,NA,NA,,1
Japan,StatisticsJapan,2004,1,1118308,12900,NA,307,NA,8,34,13215,NA,1131567,1145086,NA,NA,,1
Japan,StatisticsJapan,2005,1,1068633,12455,NA,246,NA,6,25,12707,NA,1081393,1094348,NA,NA,,1
Japan,StatisticsJapan,2006,1,1097536,12631,NA,246,NA,6,28,12883,NA,1110448,1123585,NA,NA,,1
Japan,StatisticsJapan,2007,1,1093632,12394,NA,219,NA,6,25,12619,NA,1106288,1119131,NA,NA,,1
Japan,StatisticsJapan,2008,1,1095749,11496,NA,181,NA,7,29,11684,NA,1107467,1119333,NA,NA,,1
Japan,StatisticsJapan,2009,1,1074920,10803,NA,157,NA,6,27,10966,NA,1085913,1097041,NA,NA,,1
Japan,StatisticsJapan,2010,1,1076563,10394,NA,162,NA,2,8,10558,NA,1087149,1097865,NA,NA,,1
Japan,StatisticsJapan,2011,1,1055833,10124,NA,151,NA,4,17,10279,NA,1066130,1076558,NA,NA,,1
Japan,StatisticsJapan,2012,1,1040832,10333,NA,168,NA,4,16,10505,NA,1051360,1062032,NA,NA,,1
Japan,StatisticsJapan,2013,1,1032764,10328,NA,158,NA,3,12,10489,NA,1043277,1053919,NA,NA,,1
Japan,StatisticsJapan,2014,1,1006528,10074,NA,141,NA,2,8,10217,NA,1016780,1027135,NA,NA,,1
Japan,StatisticsJapan,2015,1,1007792,10067,NA,122,NA,6,25,10195,NA,1018022,1028342,NA,NA,,1
Japan,StatisticsJapan,2016,1,977780,10000,NA,129,NA,2,8,10131,NA,987923,998183,NA,NA,,1
Japan,StatisticsJapan,2017,1,946532,9769,NA,142,NA,3,12,9914,NA,956456,966510,NA,NA,,1
Japan,StatisticsJapan,2018,1,918387,9620,NA,122,NA,3,12,9745,NA,928151,938014,NA,NA,,1
Japan,StatisticsJapan,2019,1,866378,8937,NA,143,NA,3,12,9083,NA,875470,884693,NA,NA,,1
New Zealand,Stats NZ,1888,0,NA,NA,NA,NA,NA,NA,NA,NA,NA,NA,NA,10.3092783505155,NA,1,
New Zealand,Stats NZ,1889,0,NA,NA,NA,NA,NA,NA,NA,NA,NA,NA,NA,8.33333333333333,NA,1,
New Zealand,Stats NZ,1890,0,NA,NA,NA,NA,NA,NA,NA,NA,NA,NA,NA,10.5263157894737,NA,1,
New Zealand,Stats NZ,1891,0,NA,NA,NA,NA,NA,NA,NA,NA,NA,NA,NA,9.9009900990099,NA,1,
New Zealand,Stats NZ,1892,0,NA,172,344,1,NA,NA,NA,NA,NA,17702,17876,9.80392156862745,NA,1,
New Zealand,Stats NZ,1893,0,NA,188,376,1,NA,NA,NA,NA,NA,17997,18187,10.5263157894737,NA,1,
New Zealand,Stats NZ,1894,0,NA,176,352,2,NA,NA,NA,NA,NA,18348,18528,9.70873786407767,NA,1,
New Zealand,Stats NZ,1895,0,NA,198,396,NA,NA,NA,NA,NA,NA,18348,18546,10.752688172043,NA,1,
New Zealand,Stats NZ,1896,0,NA,182,364,NA,NA,NA,NA,NA,NA,18430,18612,9.9009900990099,NA,1,
New Zealand,Stats NZ,1897,0,NA,180,360,1,NA,NA,NA,NA,NA,18555,18737,9.9009900990099,NA,1,
New Zealand,Stats NZ,1898,0,NA,194,388,2,NA,NA,NA,NA,NA,18757,18955,10.3092783505155,NA,1,
New Zealand,Stats NZ,1899,0,NA,176,352,1,NA,NA,NA,NA,NA,18657,18835,9.43396226415094,NA,1,
New Zealand,Stats NZ,1900,0,NA,190,380,2,NA,NA,NA,NA,NA,19352,19546,9.80392156862745,NA,1,
New Zealand,Stats NZ,1901,0,NA,190,380,3,NA,NA,NA,NA,NA,20295,20491,9.34579439252337,NA,1,
New Zealand,Stats NZ,1902,0,NA,220,440,2,NA,NA,NA,NA,NA,20431,20655,10.752688172043,NA,1,
New Zealand,Stats NZ,1903,0,NA,222,444,1,NA,NA,NA,NA,NA,21605,21829,10.3092783505155,NA,1,
New Zealand,Stats NZ,1904,0,NA,241,482,1,NA,NA,NA,242,NA,22523,22766,10.752688172043,NA,1,
New Zealand,Stats NZ,1905,0,NA,242,484,3,NA,NA,NA,245,NA,23434,23682,10.3092783505155,NA,1,
New Zealand,Stats NZ,1906,0,NA,211,422,4,NA,NA,NA,215,NA,24033,24252,8.7719298245614,NA,1,
New Zealand,Stats NZ,1907,0,NA,244,488,NA,NA,NA,NA,244,NA,24850,25094,9.80392156862745,NA,1,
New Zealand,Stats NZ,1908,0,NA,284,568,2,NA,NA,NA,286,NA,25652,25940,11.1111111111111,NA,1,
New Zealand,Stats NZ,1909,0,NA,265,530,1,NA,NA,NA,266,NA,26257,26524,10.1010101010101,NA,1,
New Zealand,Stats NZ,1910,0,NA,288,576,2,NA,NA,NA,290,NA,25692,25981,11.2359550561798,NA,1; 2,
New Zealand,Stats NZ,1911,0,NA,300,600,2,NA,NA,NA,302,NA,26050,26354,11.6279069767442,NA,1,
New Zealand,Stats NZ,1912,0,NA,329,658,3,NA,NA,NA,NA,NA,27173,27508,12.1951219512195,NA,1,
New Zealand,Stats NZ,1913,0,NA,314,628,1,NA,NA,NA,NA,NA,27619,27935,11.4942528735632,NA,1,
New Zealand,Stats NZ,1914,0,NA,350,700,6,NA,NA,NA,NA,NA,27976,28338,12.6582278481013,NA,1,
New Zealand,Stats NZ,1915,0,NA,302,604,1,NA,NA,NA,NA,NA,27546,27850,10.989010989011,NA,1,
New Zealand,Stats NZ,1916,0,NA,323,646,1,NA,NA,NA,NA,NA,28184,28509,11.4942528735632,NA,1,
New Zealand,Stats NZ,1917,0,NA,312,624,NA,NA,NA,NA,NA,NA,27927,28239,11.2359550561798,NA,1,
New Zealand,Stats NZ,1918,0,NA,294,588,3,NA,NA,NA,NA,NA,25560,25860,NA,11.6279069767442,1,
New Zealand,Stats NZ,1919,0,NA,270,540,2,NA,1,4,NA,NA,24206,24483,NA,11.2359550561798,1,
New Zealand,Stats NZ,1920,0,NA,365,730,2,NA,NA,NA,NA,NA,29552,29921,NA,12.3456790123457,1,
New Zealand,Stats NZ,1921,0,NA,347,694,5,NA,NA,NA,NA,NA,28210,28567,NA,12.5,1,
New Zealand,Stats NZ,1922,0,NA,328,656,0,NA,NA,NA,NA,NA,28678,29006,11.4942528735632,11.4942528735632,1,
New Zealand,Stats NZ,1923,0,NA,289,578,3,NA,NA,NA,NA,NA,27672,27967,NA,10.5263157894737,1,
New Zealand,Stats NZ,1924,0,NA,296,592,3,NA,NA,NA,NA,NA,27712,28014,NA,10.752688172043,1,
New Zealand,Stats NZ,1925,0,NA,301,602,2,NA,NA,NA,NA,NA,27848,28153,NA,10.8695652173913,1,
New Zealand,Stats NZ,1926,0,NA,358,716,2,NA,NA,NA,NA,NA,28111,28473,NA,12.8205128205128,1,
New Zealand,Stats NZ,1927,0,NA,331,662,1,NA,NA,NA,NA,NA,27548,27881,NA,12.0481927710843,1,
New Zealand,Stats NZ,1928,0,NA,273,546,4,NA,NA,NA,NA,NA,26919,27200,NA,10.3092783505155,1,
New Zealand,Stats NZ,1928,1,NA,300,NA,4,NA,NA,NA,304,NA,27731,28039,NA,10.989010989011,1,
New Zealand,Stats NZ,1929,0,NA,275,550,1,NA,NA,NA,NA,NA,26470,26747,NA,10.4166666666667,1,
New Zealand,Stats NZ,1929,1,NA,321,NA,1,NA,NA,NA,322,NA,27294,27617,NA,11.7647058823529,1,
New Zealand,Stats NZ,1930,0,NA,304,610,2,NA,NA,NA,NA,NA,26488,26797,NA,11.6279069767442,1; 2,
New Zealand,Stats NZ,1930,1,NA,340,NA,3,NA,NA,NA,343,NA,27316,27662,NA,12.5,1,
New Zealand,Stats NZ,1931,0,NA,288,570,1,NA,NA,NA,NA,NA,26332,26622,NA,10.989010989011,1,
New Zealand,Stats NZ,1931,1,NA,331,NA,1,NA,NA,NA,332,NA,27098,27431,NA,12.1951219512195,1,
New Zealand,Stats NZ,1932,0,NA,260,520,3,NA,NA,NA,NA,NA,24618,24884,NA,10.6382978723404,1,
New Zealand,Stats NZ,1932,1,NA,291,NA,3,NA,NA,NA,294,NA,25333,25630,NA,11.6279069767442,1,
New Zealand,Stats NZ,1933,0,NA,250,502,2,NA,NA,NA,NA,NA,24079,24334,NA,10.5263157894737,1; 2,
New Zealand,Stats NZ,1933,1,NA,290,NA,3,NA,NA,NA,293,NA,24760,25056,NA,11.7647058823529,1,
New Zealand,Stats NZ,1934,0,NA,258,516,2,NA,NA,NA,NA,NA,24060,24322,NA,10.752688172043,1,
New Zealand,Stats NZ,1934,1,NA,293,NA,2,NA,NA,NA,295,NA,24712,25009,NA,11.9047619047619,1,
New Zealand,Stats NZ,1935,0,NA,275,550,1,NA,1,4,NA,NA,23685,23965,NA,11.6279069767442,1,
New Zealand,Stats NZ,1935,1,NA,303,NA,1,NA,1,4,305,NA,24395,24703,NA,12.5,1,
New Zealand,Stats NZ,1936,0,NA,225,450,2,NA,NA,NA,NA,NA,24608,24837,NA,9.25925925925926,1,
New Zealand,Stats NZ,1936,1,NA,267,NA,2,NA,NA,NA,269,NA,25298,25569,NA,10.6382978723404,1,
New Zealand,Stats NZ,1937,0,NA,276,554,1,NA,NA,NA,NA,NA,25735,26014,NA,10.752688172043,1; 2,
New Zealand,Stats NZ,1937,1,NA,309,NA,2,NA,NA,NA,311,NA,26462,26775,NA,11.7647058823529,1,
New Zealand,Stats NZ,1938,0,NA,296,592,2,NA,NA,NA,NA,NA,26949,27249,NA,11.1111111111111,1,
New Zealand,Stats NZ,1938,1,NA,326,NA,2,NA,NA,NA,328,NA,27662,27992,NA,11.9047619047619,1,
New Zealand,Stats NZ,1939,0,NA,299,598,3,NA,NA,NA,NA,NA,28528,28833,NA,10.6382978723404,1,
New Zealand,Stats NZ,1939,1,NA,330,NA,3,NA,NA,NA,333,NA,29397,29733,NA,11.3636363636364,1,
New Zealand,Stats NZ,1940,0,NA,344,688,1,NA,NA,NA,NA,NA,32425,32771,NA,10.6382978723404,1,
New Zealand,Stats NZ,1940,1,NA,399,NA,2,NA,NA,NA,401,NA,33333,33736,NA,12.0481927710843,1,
New Zealand,Stats NZ,1941,0,NA,398,794,3,NA,NA,NA,NA,NA,34697,35100,NA,11.4942528735632,1; 2,
New Zealand,Stats NZ,1941,1,NA,463,NA,3,NA,NA,NA,466,NA,35540,36071,NA,12.987012987013,1; 2,
New Zealand,Stats NZ,1942,0,NA,400,800,2,NA,NA,NA,NA,NA,33170,33574,NA,12.0481927710843,1,
New Zealand,Stats NZ,1942,1,NA,437,NA,4,NA,NA,NA,441,NA,34022,34465,NA,12.987012987013,1; 2,
New Zealand,Stats NZ,1943,0,NA,332,664,3,NA,NA,NA,NA,NA,29973,30311,NA,11.2359550561798,1,
New Zealand,Stats NZ,1943,1,NA,384,NA,6,NA,NA,NA,390,NA,30733,31128,NA,12.6582278481013,1; 2,
New Zealand,Stats NZ,1944,0,NA,430,860,7,NA,NA,NA,NA,NA,33155,33599,NA,13.1578947368421,1,
New Zealand,Stats NZ,1944,1,NA,473,NA,7,NA,NA,NA,480,NA,33911,34398,NA,14.0845070422535,1,
New Zealand,Stats NZ,1945,0,NA,463,NA,2,NA,NA,NA,NA,NA,36540,37007,NA,NA,1,
New Zealand,Stats NZ,1945,1,NA,511,NA,2,NA,NA,NA,513,NA,NA,37872,NA,NA,1,
New Zealand,Stats NZ,1946,0,NA,518,NA,7,NA,NA,NA,NA,NA,41338,41871,NA,NA,1; 2,
New Zealand,Stats NZ,1946,1,NA,574,NA,8,NA,NA,NA,582,NA,NA,42802,NA,NA,1,
New Zealand,Stats NZ,1947,0,NA,529,1058,4,NA,NA,NA,NA,NA,44279,44816,NA,12.0481927710843,1,
New Zealand,Stats NZ,1947,1,NA,578,NA,4,NA,NA,NA,582,NA,45141,45727,NA,12.8205128205128,1,
New Zealand,Stats NZ,1948,0,NA,522,NA,2,NA,NA,NA,NA,NA,43667,44193,NA,NA,1,
New Zealand,Stats NZ,1948,1,NA,559,NA,2,NA,NA,NA,561,NA,NA,45027,NA,NA,1,
New Zealand,Stats NZ,1949,0,NA,532,1064,3,NA,NA,NA,NA,NA,43450,43988,NA,12.3456790123457,1,
New Zealand,Stats NZ,1949,1,NA,584,NA,4,NA,NA,NA,588,NA,44193,44784,NA,13.3333333333333,1; 2,
New Zealand,Stats NZ,1950,0,NA,540,NA,5,NA,1,4,NA,NA,43756,44309,NA,12.5,1,
New Zealand,Stats NZ,1950,1,NA,598,NA,6,NA,1,4,605,NA,44561,45174,NA,13.5135135135135,1,
New Zealand,Stats NZ,1951,0,NA,509,NA,8,NA,NA,NA,NA,NA,44125,44651,NA,11.7647058823529,1; 2,
New Zealand,Stats NZ,1951,1,NA,559,NA,9,NA,NA,NA,568,NA,44878,45455,NA,12.6582278481013,1,
New Zealand,Stats NZ,1952,0,NA,569,NA,3,NA,NA,NA,NA,NA,45893,46469,NA,12.5,1; 2,
New Zealand,Stats NZ,1952,1,NA,624,NA,4,NA,NA,NA,628,NA,46683,47315,NA,13.6986301369863,1,
New Zealand,Stats NZ,1953,0,NA,562,NA,4,NA,1,4,NA,NA,45840,46414,NA,12.3456790123457,1; 2,
New Zealand,Stats NZ,1953,1,NA,613,NA,5,NA,1,4,619,NA,46675,47301,NA,13.3333333333333,1,
New Zealand,Stats NZ,1954,0,NA,600,NA,5,NA,NA,NA,NA,NA,47818,48431,NA,12.6582278481013,1; 2,
New Zealand,Stats NZ,1954,1,NA,646,NA,9,NA,NA,NA,655,NA,48639,49303,NA,13.6986301369863,1,
New Zealand,Stats NZ,1955,0,NA,605,NA,5,NA,NA,NA,NA,NA,49254,49869,NA,12.3456790123457,1,
New Zealand,Stats NZ,1955,1,NA,658,NA,6,NA,NA,NA,664,NA,49995,50665,NA,13.5135135135135,1,
New Zealand,Stats NZ,1956,0,NA,619,NA,4,NA,NA,NA,NA,NA,49803,50430,NA,12.5,1,
New Zealand,Stats NZ,1956,1,NA,685,NA,4,NA,NA,NA,689,NA,50595,51288,NA,13.6986301369863,1,
New Zealand,Stats NZ,1957,0,NA,555,NA,6,NA,NA,NA,NA,NA,51285,51852,NA,10.989010989011,1,
New Zealand,Stats NZ,1957,1,NA,615,NA,6,NA,NA,NA,621,NA,52059,52686,NA,11.9047619047619,1,
New Zealand,Stats NZ,1958,0,NA,620,NA,8,NA,NA,NA,NA,NA,53138,53774,NA,11.7647058823529,1,
New Zealand,Stats NZ,1958,1,NA,651,NA,8,NA,NA,NA,659,NA,53926,54593,NA,12.3456790123457,1,
New Zealand,Stats NZ,1959,0,NA,706,NA,6,NA,NA,NA,NA,NA,54019,54739,NA,13.1578947368421,1; 2,
New Zealand,Stats NZ,1959,1,NA,755,NA,9,NA,NA,NA,764,NA,54771,55544,NA,13.6986301369863,1,
New Zealand,Stats NZ,1960,0,NA,624,NA,6,NA,NA,NA,NA,NA,54799,55435,NA,11.4942528735632,1,
New Zealand,Stats NZ,1960,1,NA,679,NA,6,NA,NA,NA,685,NA,55550,56241,NA,12.3456790123457,1,
New Zealand,Stats NZ,1961,0,NA,657,NA,3,NA,1,4,NA,NA,57039,57706,NA,11.4942528735632,1; 2,
New Zealand,Stats NZ,1961,1,NA,694,NA,4,NA,1,4,699,NA,57803,58508,NA,12.1951219512195,1,
New Zealand,Stats NZ,1962,0,NA,663,NA,6,NA,NA,NA,NA,NA,64453,65127,NA,10.5263157894737,2,
New Zealand,Stats NZ,1962,1,NA,704,NA,6,NA,NA,NA,710,NA,64589,65970,NA,10.989010989011,2,
New Zealand,Stats NZ,1963,0,NA,681,NA,5,NA,NA,NA,NA,NA,63984,64675,NA,10.6382978723404,NA,
New Zealand,Stats NZ,1963,1,NA,725,NA,6,NA,NA,NA,731,NA,64797,65499,NA,11.4942528735632,2,
New Zealand,Stats NZ,1964,0,NA,684,NA,5,NA,NA,NA,NA,NA,61765,62459,NA,11.4942528735632,NA,
New Zealand,Stats NZ,1964,1,NA,721,NA,5,NA,NA,NA,726,NA,62542,63273,NA,11.6279069767442,NA,
New Zealand,Stats NZ,1965,0,NA,600,NA,7,NA,1,5,608,NA,59560,60178,NA,10.6382978723404,NA,
New Zealand,Stats NZ,1965,1,NA,633,NA,7,NA,1,5,641,NA,NA,60896,NA,10.6,NA,
New Zealand,Stats NZ,1966,0,NA,589,NA,4,NA,1,4,594,NA,59588,60188,NA,10.4166666666667,NA,
New Zealand,Stats NZ,1966,1,NA,619,NA,4,NA,1,4,624,NA,NA,60876,NA,10.4,NA,
New Zealand,Stats NZ,1967,0,NA,590,NA,5,NA,1,4,596,NA,60565,61169,NA,10.2040816326531,2,
New Zealand,Stats NZ,1967,1,NA,615,NA,6,NA,1,4,622,NA,NA,61904,NA,10.3,NA,
New Zealand,Stats NZ,1968,0,NA,666,NA,7,NA,NA,NA,673,NA,61603,62284,NA,11.2359550561798,2,
New Zealand,Stats NZ,1968,1,NA,690,NA,8,NA,NA,NA,698,NA,NA,63036,NA,11.3,NA,
New Zealand,Stats NZ,1969,0,NA,627,NA,8,NA,NA,NA,635,NA,61921,62564,NA,10.4166666666667,NA,
New Zealand,Stats NZ,1969,1,NA,646,NA,8,NA,NA,NA,654,NA,NA,63189,NA,10.6,NA,
New Zealand,Stats NZ,1970,0,NA,647,NA,6,NA,NA,NA,653,NA,61548,62207,NA,10.989010989011,NA,
New Zealand,Stats NZ,1970,1,NA,673,NA,6,NA,NA,NA,679,NA,NA,62878,NA,11,NA,
New Zealand,Stats NZ,1971,1,63735,678,NA,9,NA,NA,NA,NA,NA,64422,65118,NA,NA,3,
New Zealand,Stats NZ,1972,1,62586,618,NA,12,NA,NA,NA,NA,NA,63216,63858,NA,NA,3,
New Zealand,Stats NZ,1973,1,60093,591,NA,3,NA,NA,NA,NA,NA,60687,61287,NA,NA,3,
New Zealand,Stats NZ,1974,1,58692,570,NA,6,NA,NA,NA,NA,NA,59268,59847,NA,NA,3,
New Zealand,Stats NZ,1975,1,55902,597,NA,3,NA,NA,NA,NA,NA,56505,57111,NA,NA,3,
New Zealand,Stats NZ,1976,1,54447,534,NA,3,NA,NA,NA,NA,NA,54984,55527,NA,NA,3,
New Zealand,Stats NZ,1977,1,53487,543,NA,9,NA,NA,NA,NA,NA,54036,54591,NA,NA,3,
New Zealand,Stats NZ,1978,1,50310,528,NA,9,NA,NA,NA,NA,NA,50847,51393,NA,NA,3,
New Zealand,Stats NZ,1979,1,51576,516,NA,6,NA,NA,NA,NA,NA,52095,52626,NA,NA,3,
New Zealand,Stats NZ,1980,1,49848,510,NA,9,NA,NA,NA,NA,NA,50364,50892,NA,NA,3,
New Zealand,Stats NZ,1981,1,50052,522,NA,9,NA,NA,NA,NA,NA,50586,51126,NA,NA,3,
New Zealand,Stats NZ,1982,1,49203,501,NA,9,NA,NA,NA,NA,NA,49713,50235,NA,NA,3,
New Zealand,Stats NZ,1983,1,49653,531,NA,9,NA,NA,NA,NA,NA,50193,50742,NA,NA,3,
New Zealand,Stats NZ,1984,1,50694,582,NA,15,NA,NA,NA,NA,NA,51288,51897,NA,NA,3,
New Zealand,Stats NZ,1985,1,50916,546,NA,12,NA,NA,NA,NA,NA,51477,52050,NA,NA,3,
New Zealand,Stats NZ,1986,1,51933,552,NA,9,NA,NA,NA,NA,NA,52494,53073,NA,NA,3,
New Zealand,Stats NZ,1987,1,54216,642,NA,3,NA,NA,NA,NA,NA,54867,55518,NA,NA,3,
New Zealand,Stats NZ,1988,1,56541,630,NA,9,NA,NA,NA,NA,NA,57180,57822,NA,NA,3,
New Zealand,Stats NZ,1989,1,57003,663,NA,12,NA,NA,NA,NA,NA,57675,58359,NA,NA,3,
New Zealand,Stats NZ,1990,1,58950,705,NA,15,NA,NA,NA,NA,NA,59670,60399,NA,NA,3,
New Zealand,Stats NZ,1991,1,58707,714,NA,12,NA,NA,NA,NA,NA,59439,60186,NA,NA,3; 4,
New Zealand,Stats NZ,1992,1,57954,714,NA,6,NA,NA,NA,NA,NA,58677,59403,NA,NA,3; 4,
New Zealand,Stats NZ,1993,1,57480,717,NA,12,NA,NA,NA,NA,NA,58215,58962,NA,NA,3; 4,
New Zealand,Stats NZ,1994,1,55974,744,NA,15,NA,NA,NA,NA,NA,56730,57507,NA,NA,3; 4,
New Zealand,Stats NZ,1995,1,56442,708,NA,18,NA,NA,NA,NA,NA,57171,57918,NA,NA,3; 4; 5,
New Zealand,Stats NZ,1996,1,56130,735,NA,18,NA,NA,NA,NA,NA,56886,57663,NA,NA,3; 4; 5,
New Zealand,Stats NZ,1997,1,56283,804,NA,24,NA,NA,NA,NA,NA,57114,57966,NA,NA,3; 4; 5,
New Zealand,Stats NZ,1998,1,53955,834,NA,12,NA,NA,NA,NA,NA,54807,55674,NA,NA,3; 4; 5,
New Zealand,Stats NZ,1999,1,55698,843,NA,18,NA,NA,NA,NA,NA,56556,57432,NA,NA,3; 4; 5,
New Zealand,Stats NZ,2000,1,55119,882,NA,27,NA,NA,NA,NA,NA,56022,56952,NA,NA,3; 4; 5,
New Zealand,Stats NZ,2001,1,54333,879,NA,12,NA,NA,NA,NA,NA,55221,56124,NA,NA,3; 4; 5,
New Zealand,Stats NZ,2002,1,52536,900,NA,12,NA,NA,NA,NA,NA,53451,54375,NA,NA,3; 4; 5,
New Zealand,Stats NZ,2003,1,54606,906,NA,18,NA,NA,NA,NA,NA,55533,56481,NA,NA,3; 4; 5,
New Zealand,Stats NZ,2004,1,56634,945,NA,12,NA,NA,NA,NA,NA,57591,58557,NA,NA,3; 4; 5,
New Zealand,Stats NZ,2005,1,56295,882,NA,12,NA,NA,NA,NA,NA,57198,58104,NA,NA,3; 4; 5,
New Zealand,Stats NZ,2006,1,57801,864,NA,12,NA,NA,NA,NA,NA,58674,59562,NA,NA,3; 4; 5,
New Zealand,Stats NZ,2007,1,62493,987,NA,12,NA,NA,NA,NA,NA,63492,64503,NA,NA,3; 4; 5,
New Zealand,Stats NZ,2008,1,62931,939,NA,12,NA,NA,NA,NA,NA,63885,64851,NA,NA,3; 4; 5,
New Zealand,Stats NZ,2009,1,61131,867,NA,21,NA,NA,NA,NA,NA,62022,62928,NA,NA,3; 4; 5,
New Zealand,Stats NZ,2010,1,62433,915,NA,18,NA,NA,NA,NA,NA,63366,64314,NA,NA,3; 4; 5,
New Zealand,Stats NZ,2011,1,60027,879,NA,12,NA,NA,NA,NA,NA,60918,61824,NA,NA,3; 4; 5,
New Zealand,Stats NZ,2012,1,59838,837,NA,18,NA,NA,NA,NA,NA,60693,61569,NA,NA,3; 4; 5,
New Zealand,Stats NZ,2013,1,57327,843,NA,12,NA,NA,NA,NA,NA,58185,59052,NA,NA,3; 4; 5,
New Zealand,Stats NZ,2014,1,55959,810,NA,12,NA,NA,NA,NA,NA,56778,57606,NA,NA,3; 4; 5,
New Zealand,Stats NZ,2015,1,59631,828,NA,15,NA,NA,NA,NA,NA,60474,61326,NA,NA,3; 4; 5,
New Zealand,Stats NZ,2016,1,58110,810,NA,6,NA,NA,NA,NA,NA,58926,59745,NA,NA,3; 4; 5,
New Zealand,Stats NZ,2017,1,58383,753,NA,6,NA,NA,NA,NA,NA,59148,59913,NA,NA,3; 4; 5,
New Zealand,Stats NZ,2018,1,56892,711,NA,3,NA,NA,NA,NA,NA,57609,58329,NA,NA,3; 4; 5,
New Zealand,Stats NZ,2019,1,58398,762,NA,21,NA,NA,NA,NA,NA,59178,59979,NA,NA,3; 4; 5,
New Zealand,Stats NZ,2020,1,56418,738,NA,9,NA,NA,NA,NA,NA,57165,57918,NA,NA,3; 4; 5,
New Zealand,Stats NZ,2021,1,57438,765,NA,12,NA,NA,NA,NA,NA,58215,59001,NA,NA,3; 4; 5,
